ProcessID,Audit_Report_Number
11,2022_019
20,2022_016
10,2021_003
20,2022_055
19,2022_014
11,2022_051
9,2021_054
1,2021_055
21,2022_012
1,2021_009
21,2021_003
14,2022_010
9,2023_008
18,2021_055
10,2023_018
5,2022_063
10,2021_020
9,2022_014
1,2022_062
3,2022_053
3,2022_027
9,2022_009
10,2022_032
20,2021_008
20,2021_024
20,2022_010
15,2022_026
13,2021_035
7,2021_043
21,2022_062
11,2021_003
9,2021_004
5,2021_004
1,2022_019
15,2022_017
19,2023_018
8,2022_046
14,2022_016
10,2022_037
15,2022_012
15,2021_048
14,2022_009
14,2021_001
8,2022_040
1,2021_014
1,2021_002
16,2021_006
10,2021_042
8,2022_056
2,2022_016
7,2022_042
19,2021_002
14,2021_003
10,2021_015
14,2022_032
14,2023_018
11,2021_020
7,2022_032
10,2022_026
3,2022_052
12,2021_002
2,2022_010
9,2022_032
5,2023_020
9,2021_020
14,2021_008
11,2021_004
10,2022_009
15,2022_013
10,2023_017
7,2021_003
21,2023_018
7,2022_023
19,2021_003
20,2022_017
1,2022_011
9,2021_008
7,2022_055
9,2022_004
19,2022_009
5,2022_032
8,2022_033
18,2021_004
8,2021_040
9,2022_033
19,2021_004
8,2023_008
1,2021_001
2,2022_029
19,2021_035
3,2022_055
8,2022_051
8,2022_055
1,2021_035
7,2022_009
20,2023_016
13,2022_013
5,2021_008
1,2022_020
1,2022_032
10,2022_033
9,2021_002
11,2021_055
10,2023_003
19,2022_012
19,2023_016
9,2023_018
20,2022_009
10,2021_040
10,2021_007
1,2021_034
10,2023_016
19,2022_016
15,2021_015
20,2022_014
9,2021_040
11,2022_055
9,2022_055
10,2022_016
5,2021_037
15,2021_008
8,2021_015
10,2022_004
9,2022_034
1,2023_013
17,2022_063
1,2021_024
21,2022_055
1,2021_041
15,2023_003
2,2023_013
2,2023_025
8,2022_012
15,2022_033
7,2022_060
1,2022_010
20,2022_057
1,2021_020
18,2021_002
4,2021_037
1,2021_042
7,2022_034
9,2023_016
1,2022_009
3,2023_006
8,2022_032
1,2021_046
19,2022_013
5,2022_013
1,2022_022
7,2022_065
10,2022_003
10,2022_047
7,2022_016
1,2021_029
10,2021_035
2,2022_020
21,2023_008
1,2021_007
7,2021_025
2,2022_009
11,2022_046
21,2022_013
9,2022_016
1,2022_033
18,2021_020
9,2022_022
10,2022_055
15,2022_032
9,2022_066
10,2022_012
17,2022_055
1,2021_032
7,2022_010
7,2022_003
11,2023_013
7,2022_066
8,2021_002
1,2021_015
18,2022_047
7,2022_033
2,2022_014
1,2022_061
15,2021_007
9,2021_024
20,2022_004
1,2022_035
20,2022_013
2,2022_030
1,2021_017
15,2021_055
11,2022_056
1,2023_007
20,2022_033
10,2021_016
2,2022_019
9,2022_003
11,2023_022
9,2021_003
10,2021_008
21,2023_016
18,2021_008
1,2021_027
1,2021_022
11,2023_007
10,2021_052
15,2021_004
1,2021_026
7,2023_013
19,2022_033
7,2021_055
9,2022_010
20,2022_032
2,2021_004
18,2022_009
18,2022_048
18,2022_012
1,2021_011
5,2021_016
10,2022_014
10,2021_055
1,2021_023
1,2021_028
11,2021_001
1,2022_004
2,2022_012
1,2021_004
3,2022_042
1,2022_043
9,2021_010
1,2021_036
2,2021_043
7,2022_021
10,2021_037
14,2022_003
8,2021_037
1,2022_014
2,2022_003
11,2023_025
18,2022_014
20,2021_040
8,2021_036
5,2021_003
19,2021_008
18,2021_035
1,2021_021
17,2023_005
1,2021_016
18,2022_010
2,2022_004
18,2021_003
1,2023_025
7,2022_007
1,2022_006
1,2023_016
1,2022_003
1,2023_008
5,2021_058
8,2022_066
19,2022_003
7,2023_002
9,2021_019
15,2021_003
7,2022_051
1,2023_018
18,2022_003
7,2022_004
7,2021_035
1,2021_008
1,2021_044
10,2022_010
1,2021_033
6,2022_059
1,2022_016
7,2021_004
13,2021_004
7,2022_014
1,2021_005
10,2021_004
1,2022_047
10,2022_025
10,2022_046
1,2021_043
9,2021_013
1,2021_003
7,2022_054
21,2021_054
18,2022_034
10,2022_034
19,2021_020
20,2022_003