EmployeeID,Audit Report Number
29,2022_030
21,2022_051
21,2022_056
8,2021_033
8,2021_022
5,2021_025
11,2022_051
24,2021_013
29,2023_018
29,2022_062
1,2022_025
30,2022_025
29,2022_009
12,2022_007
30,2021_010
3,2021_020
8,2023_013
13,2021_028
12,2023_020
29,2023_016
12,2022_040
29,2021_048
15,2022_021
21,2021_017
13,2022_043
13,2022_030
2,2023_002
29,2022_010
23,2023_007
21,2021_041
3,2022_030
25,2021_002
14,2022_055
5,2022_056
3,2022_010
1,2022_019
26,2021_054
8,2022_046
25,2022_017
19,2021_036
4,2023_020
9,2022_027
2,2022_022
23,2022_011
30,2022_019
3,2021_008
3,2021_028
11,2023_008
29,2023_007
8,2021_043
30,2022_033
13,2022_016
13,2022_048
28,2021_001
3,2021_024
14,2022_013
3,2023_007
28,2021_026
18,2022_063
8,2021_016
26,2023_022
27,2022_060
26,2022_055
16,2022_017
30,2022_032
24,2021_006
21,2022_065
3,2023_016
29,2022_004
28,2021_008
19,2021_033
8,2021_035
29,2023_025
8,2022_026
30,2021_007
3,2021_003
30,2021_055
19,2021_034
8,2022_020
21,2022_006
3,2021_027
23,2022_062
26,2022_034
3,2021_048
12,2022_057
8,2022_033
14,2022_053
3,2022_009
21,2021_036
26,2022_040
29,2021_046
2,2022_029
2,2022_006
13,2022_009
3,2022_014
12,2022_034
18,2022_065
10,2023_020
1,2022_020
14,2021_058
19,2021_021
1,2022_032
18,2022_055
5,2021_022
21,2022_022
26,2022_051
30,2021_035
13,2021_046
8,2022_019
17,2021_035
11,2022_066
9,2022_055
3,2022_043
8,2021_025
13,2021_048
9,2023_006
29,2022_048
2,2023_020
2,2023_017
17,2021_043
25,2021_023
21,2021_033
30,2022_047
9,2021_058
13,2022_004
30,2022_046
26,2021_040
18,2023_005
15,2022_056
27,2022_059
12,2022_056
24,2021_009
12,2021_036
30,2021_004
5,2021_036
26,2021_037
24,2021_017
17,2021_055
9,2022_013
3,2022_016
13,2022_014
14,2022_052
20,2021_032
6,2023_018
8,2022_032
3,2023_025
26,2022_066
15,2023_008
29,2021_028
14,2022_063
3,2021_011
24,2021_001
29,2022_043
2,2022_056
2,2022_007
26,2021_032
30,2021_019
20,2021_020
3,2022_004
15,2022_040
18,2023_020
9,2022_063
8,2022_025
1,2022_033
23,2022_048
19,2021_044
8,2021_007
5,2022_007
6,2023_016
28,2021_003
14,2022_012
30,2021_028
30,2021_015
21,2021_021
24,2021_005
21,2022_042
12,2022_066
8,2021_004
21,2022_023
30,2022_020
12,2022_051
11,2022_056
3,2022_062
8,2023_003
19,2021_013
30,2021_043
3,2022_003
11,2023_022
27,2022_054
14,2023_006
25,2021_026
12,2022_006
1,2023_003
30,2022_011
2,2022_042
3,2022_048
8,2021_055
15,2022_055
12,2021_041
30,2023_003
28,2021_020
5,2021_016
3,2021_002
20,2021_014
26,2023_008
13,2022_003
14,2022_027
19,2021_024
1,2022_046
2,2022_051
12,2021_040
28,2021_014
5,2021_015
2,2022_023
3,2021_026
8,2022_047
25,2021_032
1,2022_026
12,2021_029
29,2022_016
6,2023_025
17,2021_052
21,2023_002
26,2022_021
21,2021_034
21,2022_017
12,2023_022
20,2021_027
5,2022_029
3,2021_014
29,2021_042
5,2022_051
5,2021_029
8,2021_034
3,2023_018
5,2022_037
12,2022_055
13,2021_054
23,2022_017
14,2021_037
29,2022_035
14,2023_005
18,2022_053
30,2021_002
5,2023_002
30,2021_027
3,2021_042
30,2022_026
13,2021_042
8,2021_001
8,2022_011
30,2023_013
18,2023_006
9,2022_012
5,2022_065
2,2022_065
3,2021_046
12,2023_008
1,2022_047
29,2022_003
3,2022_035
13,2022_035
15,2022_066
5,2021_044
5,2022_057
30,2022_061
7,2022_054
22,2023_005
12,2022_021
29,2023_003
13,2022_010
13,2022_062
29,2022_014
9,2022_052
29,2023_017
12,2022_037
15,2022_034
